Author,Line
Борис Рыжий,и как это лучше сказать:
Дмитрий Пригов,На меня страна
Дмитрий Пригов,А в общем-то — судьбы игрушка
Борис Рыжий,мая второго дня.
Борис Рыжий,в свете всех светофоров и фар.
Дмитрий Пригов,"А уж как, едрена мать"
Дмитрий Пригов,Но он не поддался и на эту хитрость
Борис Рыжий,лучше рылом в грязь.
Дмитрий Пригов,"Случайность вроде бы, казалось"
Дмитрий Пригов,Сам немножечко поел
Борис Рыжий,оттуда музыка слышна.
Борис Рыжий,"Господи, это я"
Дмитрий Пригов,"Ну, пихаться — там куда ни шло"
Борис Рыжий,"трамваи едут по нутру,"
Дмитрий Пригов,"Расскажи-ка мне скорей,"
Дмитрий Пригов,И Лермонтова в очередь сию
Дмитрий Пригов,Оттого что наверно устал
Борис Рыжий,Пусть опустеют небеса.
Дмитрий Пригов,Вставать с утра на беспощадный зов
Дмитрий Пригов,Вот ведь холодно немыслимо
Дмитрий Пригов,Зверь древнеримского стиха
Дмитрий Пригов,"Чиста, прозрачна и густа"
Борис Рыжий,"Как же мало ты прожил на свете,"
Дмитрий Пригов,"Вкуса полная и сытости,"
Борис Рыжий,Ты папиросу достаёшь
Дмитрий Пригов,Он воскричал б из жизни давней:
Дмитрий Пригов,Крылатым там каким-то
Борис Рыжий,"колесе обозренья, но понять невозможно:"
Борис Рыжий,"вы лучше, вы сложны."
Дмитрий Пригов,"А он там молодой, едрена мать"
Дмитрий Пригов,"Заметил я, как тяжело народ в метро спит"
Дмитрий Пригов,Вот я курицу зажарю
Дмитрий Пригов,Уж не ангелы ли кушают ее
Борис Рыжий,"Что ещё, Иринушка, не знаю,"
Борис Рыжий,"где в синих лужах ягоды рябины,"
Борис Рыжий,Из окошка взгляну на газон
Борис Рыжий,И ты поморщился от боли.
Дмитрий Пригов,Целу курицу сгубила
Дмитрий Пригов,"Мальчик, мальчик, грамотей,"
Борис Рыжий,"Где и с кем, и когда это было,"
Дмитрий Пригов,"Дяденька мой милый,"
Борис Рыжий,"Только пар, только белое в синем"
Дмитрий Пригов,А перед тем — преклонный возраст
Дмитрий Пригов,Не помнят
Борис Рыжий,зазвонит - суета.
Борис Рыжий,"обхвативши руками коленки,"
Борис Рыжий,больше никогда.
Дмитрий Пригов,А завтра — может быть решетка
Дмитрий Пригов,А сам окошко отворю
Борис Рыжий,"шататься, ту, которой навсегда"
Борис Рыжий,"горит полночная звезда,"
Дмитрий Пригов,"Ах, неужто ль у природы"
Дмитрий Пригов,Пока Пушкин над долгом страдал
Дмитрий Пригов,"Да и лежащий, и сидящий"
Борис Рыжий,когда люди сгорали дотла.
Борис Рыжий,"(Дочитаю печальную книгу,"
Борис Рыжий,"но вычурной и артистичной позы,"
Борис Рыжий,я позабуду сказочный Свердловск
Дмитрий Пригов,Четвертьфабрикат какой-нибудь
Дмитрий Пригов,А что нам эта грязь — нищтяк!
Дмитрий Пригов,"Гиб и страдал! — За то, за то"
Дмитрий Пригов,"Скажем, жизни я есть санитар"
Дмитрий Пригов,Участь определена
Борис Рыжий,Тюрьма стеной окружена.
Дмитрий Пригов,А теперь вот чегой-то устал
Борис Рыжий,"и, не дотягиваясь, смейся,"
Борис Рыжий,"И огни светофоров,"
Дмитрий Пригов,Мусоросборочной святой машины —
Дмитрий Пригов,Что-то воздух какой-то кривой
Дмитрий Пригов,Нечем пол мне подметать
Дмитрий Пригов,А завтра может и помрет
Борис Рыжий,"что проводил ладонью по лицу,"
Дмитрий Пригов,Да не могу уйти с поста
Борис Рыжий,И вновь на свете повторится
Дмитрий Пригов,Что костей не соберешь
Дмитрий Пригов,С каким-то ужасом бесовьим
Борис Рыжий,"Парк осенний стоит одиноко,"
Борис Рыжий,"Воду ржавую хлещешь из крана,"
Дмитрий Пригов,И уселись у окошка
Дмитрий Пригов,Полная и цвета розоватого.
Борис Рыжий,"без меня отчаливайте, хватит"
Дмитрий Пригов,Пока Рейган спешил-размещал
Борис Рыжий,Трамваи дребезжат бесплатные.
Борис Рыжий,"Постою немного на пороге,"
Борис Рыжий,"Озирались сонные трамваи,"
Борис Рыжий,13 лет. Стою на ринге.
Борис Рыжий,"Уйдем, вернемся именно сюда."
Дмитрий Пригов,А в общем жизнь — она права
Борис Рыжий,как первые солдаты перестройки.
Борис Рыжий,"Со сцены, со сцены,"
Борис Рыжий,для меня дурака.
Борис Рыжий,а потом отчалю навсегда
Борис Рыжий,Не надо ни хрена -
Дмитрий Пригов,Он стирать себя заставил
Борис Рыжий,"гусар, повеса из повес."
Дмитрий Пригов,За то ли я в глуши Молдавьи
Дмитрий Пригов,А теперь где? — нету
Борис Рыжий,"Ни печали женской, ни печали,"
Дмитрий Пригов,И стану интернацьонал
Дмитрий Пригов,А уходишь в другом направленье
Дмитрий Пригов,Своей воли господин
Дмитрий Пригов,Скакал младенцем меж людей
Борис Рыжий,"Стареют школьницы былые,"
Борис Рыжий,с нарисованной рощей берёз.
Борис Рыжий,"Ни тебя, ни меня, ни"
Дмитрий Пригов,Поколебали бы вконец
Дмитрий Пригов,Но жизнь устроена так мудро —
Дмитрий Пригов,Живи себе свое тая
Дмитрий Пригов,"Когда же стал я поправляться,"
Дмитрий Пригов,А что гниет? — мои ж объедки
Дмитрий Пригов,Что-то кости незнакомые
Борис Рыжий,и трамваи сонными глазами
Дмитрий Пригов,Мы сядем за белым столом
Борис Рыжий,"то яду подольёт в вино,"
Дмитрий Пригов,Здесь же она явно перегнула
Дмитрий Пригов,Голландскую курицу съем
Дмитрий Пригов,Там на Западе першинги новые
Дмитрий Пригов,И в лес вприпрыжку побежим
Дмитрий Пригов,"И так не хочется, скажи"
Борис Рыжий,и скрещения розовых фар.
Дмитрий Пригов,"Сломано все, не фурычит"
Дмитрий Пригов,С этим выпивал
Борис Рыжий,блеск реки и небес.
Дмитрий Пригов,Милейший
Дмитрий Пригов,Или прекрасный сладкий торт
Дмитрий Пригов,Хоть ее отдай! —
Дмитрий Пригов,Вот в очереди тихонько стою
Дмитрий Пригов,Нету для меня воды
Дмитрий Пригов,"Стою над ней, чтоб подвиг совершила"
Дмитрий Пригов,Уединиться б на часок
Дмитрий Пригов,Да вот тут приходят разные
Борис Рыжий,"Пятирублёвка, что надорвана,"
Борис Рыжий,С какой перемены
Борис Рыжий,голубое и белое в си......
Борис Рыжий,"Она откроет голубой альбом,"
Борис Рыжий,"и память о былом,"
Борис Рыжий,"Осыпаются алые клёны,"
Борис Рыжий,И гражданам свободной воли
Борис Рыжий,протягивая руку мне.
Дмитрий Пригов,А завтра поутру мы встанем
Борис Рыжий,"Умрём, и всё начнется вновь."
Дмитрий Пригов,А я жене сапожок залатал
Борис Рыжий,в открытом кинотеатре показывали кино.
Борис Рыжий,"я глаза на минуту закрою,"
Борис Рыжий,мы прошлое и будущее склеим.
Дмитрий Пригов,"О, деточка болезная"
Дмитрий Пригов,А после этого в песнях поют
Дмитрий Пригов,"О, как давно все это было"
Борис Рыжий,"Не надо ничего,"
Борис Рыжий,"Пусть ангел смерти, как в кино,"
Борис Рыжий,в какое кино убежать?
Борис Рыжий,голубого дождя из-под шин -
Дмитрий Пригов,Еще лучше ночью
Борис Рыжий,а просто так и между тем
Дмитрий Пригов,Вот плачет бедная стиральная машина
Дмитрий Пригов,И с улыбкой просветленной какают
Дмитрий Пригов,А он брыкался и не ел
Борис Рыжий,в каком направленье уйти?
Борис Рыжий,"Третьи сутки ломает цыгана,"
Борис Рыжий,А ты останься в стороне -
Борис Рыжий,земная шваль: бандиты и поэты.
Дмитрий Пригов,Померли они
Дмитрий Пригов,А щас прохожих за рукав
Дмитрий Пригов,Глотал таблетки аспирина.
Борис Рыжий,Летят снежинки аккуратные.
Дмитрий Пригов,Палку и все дело перешло
Дмитрий Пригов,Но ведь резьба-то не твоя
Дмитрий Пригов,Когда спят кругом
Борис Рыжий,а пока не хочу
Борис Рыжий,"Но где бы мне ни выпало остыть,"
Борис Рыжий,"чьи-то книги читал, много пил"
Борис Рыжий,покручу-поверчу -
Дмитрий Пригов,Полакомиться мня
Дмитрий Пригов,Он что-то знал себе такое
Дмитрий Пригов,"О, милые мои! О, детки!"
Борис Рыжий,просто нечем цыгану помочь.
Дмитрий Пригов,Ан поздно
Борис Рыжий,Приобретут всеевропейский лоск
Дмитрий Пригов,С этим вот сидел
Борис Рыжий,"Пусть Вторчермет гудит своей трубой,"
Дмитрий Пригов,И без ярости всякой в речах там
Борис Рыжий,подмолотами били меня.
Борис Рыжий,позавчерашняя газета
Борис Рыжий,музыка не может не играть.
Борис Рыжий,И путь-дорога далека.
Борис Рыжий,Вертинского сосед.
Дмитрий Пригов,Был слабже тушки херувима.
Борис Рыжий,облака для меня дурака.
Дмитрий Пригов,Зимним вечерком
Дмитрий Пригов,И сарафаны шить из ситца
Борис Рыжий,"на века, на века, на века."
Борис Рыжий,"Не то, что говорить не надо,"
Дмитрий Пригов,Вот жене сапожок залатал
Дмитрий Пригов,"Как торт, но и простых сластей"
Борис Рыжий,"двух влюблённых на пустой аллее,"
Борис Рыжий,"А женщина, что не была со мной,"
Дмитрий Пригов,Над сладостью дрожит
Дмитрий Пригов,"А, бывает, вернешься — Бог мой"
Дмитрий Пригов,Этим делом накормил
Борис Рыжий,и когда умирали цветы.
Дмитрий Пригов,Как ем я птичьи потроха
Дмитрий Пригов,"Я был преступник — Господи, реши мне"
Борис Рыжий,рябину за окном.
Борис Рыжий,"Мальчишкой в серой кепочке остаться,"
Борис Рыжий,"Не в плане не лишенной красоты,"
Борис Рыжий,Я говорил ей небылицы:
Борис Рыжий,"С антресолей достану ""ТТ"","
Дмитрий Пригов,Что со мною станет?
Борис Рыжий,"Домофон загудит, телефон"
Дмитрий Пригов,Скакал! ведь было же! ведь правда!
Дмитрий Пригов,Приобрел и приобрел
Дмитрий Пригов,И братия станут все люди
Дмитрий Пригов,Не прогулявшись
Борис Рыжий,"И тогда не исполнивший в сквере,"
Борис Рыжий,"где лица наши будущим согреты,"
Дмитрий Пригов,И женщине не приглянусь
Борис Рыжий,"Не надо ни .ера,"
Борис Рыжий,"этот свет покидать, этот свет,"
Борис Рыжий,"Всё равно, но порой, иногда"
Борис Рыжий,"не аллеями шёл, а дворами."
Борис Рыжий,и с середины пишутся стихи.
Борис Рыжий,"греясь у огня,"
Борис Рыжий,"подняться превыше сосен, до самого неба на"
Борис Рыжий,Прости былому хулигану
Дмитрий Пригов,А там глядишь — да и помрешь
Борис Рыжий,"Не покидай меня, когда"
Борис Рыжий,хвостатые и полосатые.
Борис Рыжий,"я прост, как три рубля,"
Дмитрий Пригов,А я надмирным неким существом
Борис Рыжий,"Пойду в общагу ПТУ,"
Борис Рыжий,"быть любимым, не"
Борис Рыжий,Любовь и солнце покупал.
Дмитрий Пригов,"Поскольку не имея, подлый, сил"
Борис Рыжий,"а может, просто не было его."
Борис Рыжий,"с голым торсом спуститься во мрак,"
Борис Рыжий,"На спину ""Levi's"" пришпандорено,"
Дмитрий Пригов,Насекомая на вид
Борис Рыжий,В кабаке твои губы
Борис Рыжий,но не лишай любви
Дмитрий Пригов,Дохожу до Ногина
Дмитрий Пригов,Как будто в явственном соседстве
Дмитрий Пригов,Грибочки мы с тобой поджарим
Дмитрий Пригов,А перед тем — как есть он слесарь
Дмитрий Пригов,"Ведь живем же, рассуждаем"
Борис Рыжий,Ты не помнишь этого дождя!
Борис Рыжий,Скамейки в парке пронеслось.
Дмитрий Пригов,"Он ответил: Ты пойдешь,"
Борис Рыжий,надо думать о самом простом.
Борис Рыжий,"сталинской: все как было, было давным-давно."
Дмитрий Пригов,Я целый день с винтом боролся
Дмитрий Пригов,Иной какой там феномен
Борис Рыжий,потому что не за что простить.
Дмитрий Пригов,Выходит какая-то старая блядь
Борис Рыжий,"Это ладно, всё это детали,"
Борис Рыжий,Только без меня.
Борис Рыжий,"Беседки, парки, небеса."
Дмитрий Пригов,Жить не хочется
Борис Рыжий,"помимо сигарет,"
Борис Рыжий,"ты меня никогда не любила,"
Дмитрий Пригов,По воскресным дням и по церковным праздникам
Борис Рыжий,их профили на мраморе и розы.
Борис Рыжий,Оркестр играет на трубе.
Дмитрий Пригов,Крылатым чем-то там
Дмитрий Пригов,Вот я терпел всю зиму
Дмитрий Пригов,Но немножечко-то простоял
Борис Рыжий,"полыхают вдали небеса,"
Борис Рыжий,"Здесь меня брали за руку, тут поднимали на руки,"
Дмитрий Пригов,Выходит слесарь в зимний двор
Дмитрий Пригов,В крылатый месяц май
Борис Рыжий,"Скрипки ли невидимые пели,"
Борис Рыжий,"Взор твой ярок и влажен,"
Борис Рыжий,"и сочиняет эти строки,"
Дмитрий Пригов,С пластмассовой ложечки кормил
Дмитрий Пригов,И со сметанкой поедим
Дмитрий Пригов,Подумаешь — испачкал ножки
Борис Рыжий,"Сесть на трамвай 10-й, выйти, пройти под аркой"
Дмитрий Пригов,"Вот из очереди, гады"
Дмитрий Пригов,"Там, бывало, подмету —"
Борис Рыжий,что прошел немного погодя
Борис Рыжий,благоухает сирень в этот весенний день.
Борис Рыжий,"О, если б ты знала,"
Дмитрий Пригов,Вечер посидели
Дмитрий Пригов,За окном внизу — народ и власть
Борис Рыжий,"в Париже знойном, Лондоне промозглом,"
Дмитрий Пригов,Так вот выйдешь в одном направленье
Дмитрий Пригов,Если ж нету ничего
Борис Рыжий,но выиграю в дискотеке.
Борис Рыжий,что забыта другим впопыхах.
Дмитрий Пригов,"Мол, в стране у нас не устают"
Дмитрий Пригов,Подъедать (неизвестно — накой?)
Дмитрий Пригов,Ну что за жизнь такая наша! —
Борис Рыжий,от пункта Б до пункта А.
Борис Рыжий,три ухаря из ППС.
Борис Рыжий,"Этот город, который"
Дмитрий Пригов,А бывает соберешь —
Дмитрий Пригов,Бульончик маленький сварю
Борис Рыжий,солнцем розовым залиты склоны -
Борис Рыжий,одинокие крылья влача.
Дмитрий Пригов,На прудах на Патриарших
Борис Рыжий,"слышь меня, основной!"
Борис Рыжий,жизнь с полуночи и до утра.
Борис Рыжий,в которых строчки двигались к концу.
Дмитрий Пригов,Оттого и нрав мой тверд и несуров
Дмитрий Пригов,Жаловаться грех
Дмитрий Пригов,А вытекает: надо жить
Борис Рыжий,"подвернувшийся под руку птица,"
Дмитрий Пригов,"Чтобы на всю, на ту же вечность"
Дмитрий Пригов,А чувствует меня насквозь
Борис Рыжий,"дай мне руку, останься со мной."
Борис Рыжий,пусть перед сном предельно страшно
Борис Рыжий,в пальто осеннем нараспашку.
Дмитрий Пригов,Из дома своего
Дмитрий Пригов,Кусок-то огромный — аж не приподнять
Борис Рыжий,Осталась глупая досада -
Борис Рыжий,и обрубок куста.
Борис Рыжий,"мерзостью назови,"
Дмитрий Пригов,Как у петуха бойцового —
Борис Рыжий,от пункта А до пункта Б
Дмитрий Пригов,И думаю себе отчасти:
Борис Рыжий,"с облаками летящими сны,"
Дмитрий Пригов,За ради чтоб я человеком был
Дмитрий Пригов,В ранг ненужно-личных отношений
Борис Рыжий,Ведь не начнётся никогда.
Борис Рыжий,очнувшись головой на свае:
Дмитрий Пригов,"Бегущий, ясно, что споткнется"
Дмитрий Пригов,Вот устроил постирушку
Дмитрий Пригов,Я немножко смертельно устал
Борис Рыжий,"и вообще, вобще."
Борис Рыжий,"Что написано, по крайней мере"
Борис Рыжий,И тихо злит меня опять
Борис Рыжий,и не видел неделями сына.
Борис Рыжий,"чтоб не стало, положим,"
Дмитрий Пригов,Вымою посуду
Дмитрий Пригов,Вон под тот автобус! —
Дмитрий Пригов,Жил себе я и не уставал
Дмитрий Пригов,Когда стал намного старше
Борис Рыжий,на вставных наиграю зубах.)
Борис Рыжий,"Где было вырезано ""Б. Р.""."
Дмитрий Пригов,Доезжаю до себя
Дмитрий Пригов,Что их упадка и заката
Борис Рыжий,"чтоб - в слезах, а не без."
Борис Рыжий,белей черёмухой в окне
Борис Рыжий,"Э, не рви на куски."
Борис Рыжий,я сейчас докурю и усну -
Дмитрий Пригов,Просто я как личность выше был
Борис Рыжий,"И права, вероятно, Ирина -"
Дмитрий Пригов,На всю оставшуюся вечность
Дмитрий Пригов,Отключат теплую водичку
Борис Рыжий,И ты поморщился от счастья.
Борис Рыжий,"ни тебя, ни меня."
Дмитрий Пригов,"И полечу, и полечу"
Борис Рыжий,"Не мешающий спиться, разбиться,"
Борис Рыжий,"На кусочки не рви,"
Дмитрий Пригов,Я с домашней борюсь энтропией
Дмитрий Пригов,"Обидно молодым, конечно, умирать"
Борис Рыжий,по облетевшим листьям сентября.
Дмитрий Пригов,А одни вот сплошь берцовые
Дмитрий Пригов,Где уж тут свободе быть
Дмитрий Пригов,Как бывало подметал я
Дмитрий Пригов,Под душем с теплою водой
Дмитрий Пригов,Поскольку очень уж бежит
Дмитрий Пригов,И курам не режут живот
Дмитрий Пригов,"И положу, чтобы лежало"
Борис Рыжий,"мы с тобою простояли час,"
Дмитрий Пригов,Словно две мужские кошки
Дмитрий Пригов,Я рядом с вами жить бы стал
Дмитрий Пригов,В этом ничего обидного —
Борис Рыжий,на безымянном кладбище свердловском.
Дмитрий Пригов,Они же с разинутым ртом
Дмитрий Пригов,Вот детка человечая
Борис Рыжий,"Скамейку выбирая, по аллеям"
Дмитрий Пригов,Я человеком здесь поставлен
Дмитрий Пригов,"Но ведь это же, скажем, что дар"
Дмитрий Пригов,Тут до старости б дожить
Дмитрий Пригов,С женой
Борис Рыжий,зарезал суку в коридоре.
Дмитрий Пригов,Я всю жизнь свою провел в мытье посуды
Дмитрий Пригов,Вот что-то ничего не стало
Дмитрий Пригов,"А я ведь поэт, я ведь гордость России я"
Дмитрий Пригов,Головкою овечею
Дмитрий Пригов,В ведре помойном что-то там гниет
Борис Рыжий,после слёз и сказанного слова?
Борис Рыжий,"Как я любил унылые картины,"
Борис Рыжий,"мы прочней и нежней, чем гранит."
Дмитрий Пригов,С универсама волокусь
Дмитрий Пригов,И я вскричал: Железный Бог
Дмитрий Пригов,"Полная отсутствья запаха,"
Дмитрий Пригов,"Да и идущий, и летящий"
Дмитрий Пригов,"Волю всю собравши, вот"
Дмитрий Пригов,А там и гости не пришли
Дмитрий Пригов,И мне не стало мочи
Дмитрий Пригов,С этим вот я ел
Борис Рыжий,"Лучше страшно, лучше безнадежно,"
Дмитрий Пригов,На землю снегами и туманами
Борис Рыжий,"А то, что нечего сказать."
Дмитрий Пригов,За убеждения садиться
Борис Рыжий,"ходишь рядом, урчишь у плеча,"
Борис Рыжий,не улыбаясь ничему.
Борис Рыжий,"Но право, стол и дом,"
Дмитрий Пригов,Начинайте — вот мы и готовые
Борис Рыжий,"без музыки, но по той дороге,"
Борис Рыжий,"Сказать, что всё начнется снова."
Дмитрий Пригов,О первую же кость преткнется
Борис Рыжий,"Пускай о розах, бля,"
Борис Рыжий,"Хорошо, если есть пистолет,"
Дмитрий Пригов,Иль от этого просто устал
Борис Рыжий,"уйди, оставь меня совсем."
Дмитрий Пригов,"Решил поправить я дела,"
Дмитрий Пригов,"И полечу, потом вернуся"
Борис Рыжий,они запнулись с медью в черепах
Дмитрий Пригов,Налетели злые бабы
Борис Рыжий,"ад посули посмертно,"
Дмитрий Пригов,Идет уж очень и лежит
Дмитрий Пригов,А из-за прилавка совсем не таяся
Борис Рыжий,"не хранитель мой ангел, а так."
Дмитрий Пригов,Головы моей бедовой
Борис Рыжий,что ни назови:
Борис Рыжий,"но, наверно, музыка была."
Борис Рыжий,с какого урока
Борис Рыжий,альбом откроет и закурит важно.
Дмитрий Пригов,Один бедный господин
Борис Рыжий,шурует дождик нараспев.
Дмитрий Пригов,За тортом шел я как-то утром
Дмитрий Пригов,"Позабывав, устои наши"
Борис Рыжий,"блин, молчал, когда девки бросали"
Дмитрий Пригов,"Спасибо, мальчик"
Дмитрий Пригов,И в сумке домой аккуратно несу
Дмитрий Пригов,"Мою, вспоминаю:"
Борис Рыжий,"никогда никуда мы не сгинем,"
Борис Рыжий,и ты лежишь на косогоре.
Дмитрий Пригов,"Говорят, что не стоял"
Дмитрий Пригов,И в сложении возвышенных стихов
Борис Рыжий,этот город и дом.
Дмитрий Пригов,И сахару не оказалось
Дмитрий Пригов,Асфальтом заливать начнешь
Борис Рыжий,Только в песнях страдал и любил.
Дмитрий Пригов,За что же такое им вот
Дмитрий Пригов,Когда я помню сына в детстве
Дмитрий Пригов,И на хлеб кладет
Борис Рыжий,"или что иное, если взять"
Борис Рыжий,полусгнившую изгородь ада
Дмитрий Пригов,Я болен был. Душа жила.
Борис Рыжий,"Как будто только что убёг,"
Борис Рыжий,"Над домами, домами, домами"
Борис Рыжий,чтобы лес и река
Дмитрий Пригов,А счастье живет вот с такими блядьми
Борис Рыжий,"то ли войны еще не было, то ли была война."
Борис Рыжий,над громадами каменных плит...
Дмитрий Пригов,Чего никто уж знать не мог
Дмитрий Пригов,Вот я на метро сажуся
Борис Рыжий,когда на улице и в доме
Дмитрий Пригов,"А перед тем, а перед тем"
Борис Рыжий,"ни чужой любви,"
Борис Рыжий,"Дождь прошел в парке отдыха, и не передать, как сильно"
Борис Рыжий,И твой спутник не важен
Дмитрий Пригов,"Да я ведь что, да я с любовью"
Дмитрий Пригов,С огромным куском незаконного мяса
Дмитрий Пригов,В кулинарьи приобрел
Дмитрий Пригов,"И даже больше — на уровне того света, а живут и свет горит"
Борис Рыжий,"Расправив зонтик кривобокий,"
Борис Рыжий,"""West Island"" на рукав пришпилено."
Борис Рыжий,Я о чём? Да о том:
Борис Рыжий,Здесь моя и проходит
Дмитрий Пригов,Как я виновен перед вами!
Дмитрий Пригов,"Даже совестно, нет силы"
Дмитрий Пригов,А что нравится — оно вокруг и есть
Борис Рыжий,он мямлит из стены -
Борис Рыжий,"Чтобы как в юности, тогда,"
Борис Рыжий,Так какого же чёрта даны
Дмитрий Пригов,Ну ладно б еще в магазине служила
Дмитрий Пригов,"Их строить эдак, строить так"
Борис Рыжий,"слова трансазиатского поэта,"
Борис Рыжий,"Пожалуй так оно, однако"
Дмитрий Пригов,А тут такое счастье —
Дмитрий Пригов,Мне над собою правый суд вершить
Дмитрий Пригов,Но и тут же попросил прощенья —
Борис Рыжий,Я по листьям сухим не бродил
Борис Рыжий,"Пусть разрушатся наши скорлупы,"
Дмитрий Пригов,"Вот только спят тяжело, хотя и живые на вид"
Борис Рыжий,"поблагодарить за всё, что было,"
Дмитрий Пригов,Как малые чистые дети
Дмитрий Пригов,Ан нет — такие дни пришли
Дмитрий Пригов,Обязанности и права
Борис Рыжий,"Не гляди на меня виновато,"
Борис Рыжий,"наблюдавший средь белого дня,"
Дмитрий Пригов,Мудрость жизненная вся моя отсюда
Борис Рыжий,это я открываю глаза.
Дмитрий Пригов,Иные посуду не моют
Дмитрий Пригов,И в Тихий влечу океан
Борис Рыжий,"Где обрывается память, начинается старая фильма,"
Борис Рыжий,"оставьте, ну и на"
Борис Рыжий,"Ничего не надо, даже счастья"
Дмитрий Пригов,"Может, уже нездешний совсем —"
Борис Рыжий,нехотя оглядывали нас?
Дмитрий Пригов,Бедовая
Борис Рыжий,мне будет закрывать глаза.
Борис Рыжий,"Я не настолько верю в слово,"
Дмитрий Пригов,Чтоб закружилась голова
Дмитрий Пригов,"Ни продуктов, ни другого"
Дмитрий Пригов,Что не нравится — я просто отменяю
Борис Рыжий,"в первых строчках, припомни без зла."
Дмитрий Пригов,"Прихожу домой, ложуся"
Дмитрий Пригов,Когда бы то увидел
Дмитрий Пригов,Как источник энергьи божественной
Борис Рыжий,как чужой и неискренний дар.
Борис Рыжий,и школьный двор в районе Вторчермета.
Дмитрий Пригов,В родимых полуфабрикатах
Дмитрий Пригов,Глядит: а двор уже весенний
Дмитрий Пригов,Плевки наши в воздухе ловить будут
Дмитрий Пригов,Пол помою-протру повсеместно
Дмитрий Пригов,А что найдем там — все съедим
Дмитрий Пригов,Как домашний стервятник какой
Борис Рыжий,"Былая школьница, по плану"
Борис Рыжий,"Помнишь дождь на улице Титова,"
Борис Рыжий,и к разлуке и к смерти готов.
Борис Рыжий,по которой мы пришли сюда.
Дмитрий Пригов,И жить не захотел
Дмитрий Пригов,Где я провел всю зиму
Дмитрий Пригов,Только вымоешь посуду
Дмитрий Пригов,В Москву
Дмитрий Пригов,Вот и ряженка смолистая
Дмитрий Пригов,На пустом вот казалось бы месте
Борис Рыжий,"Поскольку их начало отзвучало,"
Дмитрий Пригов,Сына единоутробного
Борис Рыжий,"Фигово жили, словно не были."
Борис Рыжий,"сердцебиенья, слезы, и даже наоборот."
Борис Рыжий,"посмертные осенние штрихи,"
Дмитрий Пригов,Крылатым воскресеньем
Борис Рыжий,"что тебя поддерживает нежно,"
Дмитрий Пригов,Так я со связочкой моркови
Борис Рыжий,облака и русалки.
Борис Рыжий,в осенний прозрачный покой.
Дмитрий Пригов,"И Господи-Боже, прости"
Дмитрий Пригов,"Еще лучок там, может репка"
Дмитрий Пригов,Да и не возвратишься домой
Дмитрий Пригов,И что бы было? — был пиздец
Дмитрий Пригов,Какой капиталист
Борис Рыжий,"У нас развод, да будет так."
Борис Рыжий,"обретая покой, не следил,"
Дмитрий Пригов,"Хватаю: Помните ли, гады"
Борис Рыжий,неужели тебе всё равно?
Борис Рыжий,"Жалуйтесь, читайте и жалейте,"
Дмитрий Пригов,Мира смысл и структуру я зиждю
Борис Рыжий,"И той скамейки в парке нету,"
Борис Рыжий,на память не оставив ничего.
Борис Рыжий,"Но мальчик был, хотя бы для порядку,"
Дмитрий Пригов,На какие на пруды
Дмитрий Пригов,"Ах, ножки, ножки, ваша слабость"
Дмитрий Пригов,"Если, скажем, есть продукты"
Дмитрий Пригов,Выперли меня
Дмитрий Пригов,Быть молодым
Борис Рыжий,коридором больничным при свете
Борис Рыжий,геометрия жизни земной -
Дмитрий Пригов,"Покушаю, коль захочу"
Борис Рыжий,вот они и останутся с нами
Борис Рыжий,остальное - потом.
Дмитрий Пригов,И со своей семьей
Борис Рыжий,"Как дождик по карнизу отстучало,"
Борис Рыжий,"- небо, облака!"
Борис Рыжий,"и не спится, и бродишь всю ночь"
Борис Рыжий,"станем тонкою струйкой огня,"
Борис Рыжий,"Синий свет в коридоре больничном,"
Дмитрий Пригов,А то б такие вот мамаши
Борис Рыжий,Но снова ухает труба.
Дмитрий Пригов,А теперь куда мне деться
Дмитрий Пригов,"Как-то тупо и бессодержательно, хотя бывают и молодые на вид"
Борис Рыжий,"Вэвэшник выстрелил в висок,"
Дмитрий Пригов,Я выпью бразильского кофе
Дмитрий Пригов,"Веник сломан, не фурычит"
Борис Рыжий,"вслух читайте, смейтесь, слёзы лейте."
Дмитрий Пригов,Весь задрожал б как лист
Дмитрий Пригов,"В последний раз, друзья, гуляю"
Дмитрий Пригов,А надо
Борис Рыжий,милицейских машин.
Борис Рыжий,Трамваи дребезжат бесплатные.
Борис Рыжий,Меня обуют на мосту
Дмитрий Пригов,"Если ж, скажем, есть другое"
Дмитрий Пригов,В день посуду помою я трижды
Дмитрий Пригов,Я вышел и заплакал
Борис Рыжий,голубые висят облака -
Борис Рыжий,"взор твой, надо тоже не забыть"
Борис Рыжий,Вот моя строка:
Борис Рыжий,Это - со мной!
Дмитрий Пригов,Чуть-чуть меня не подвела.
Борис Рыжий,"и открою потом, и тогда,"
Дмитрий Пригов,У прозрачного стекла
Борис Рыжий,яблони в окне.
Борис Рыжий,И действительно музыку Грига
Борис Рыжий,"Это в той допотопной манере,"
Борис Рыжий,по-мальчишески перемахну.
Дмитрий Пригов,"Я есть, скажем, что жизни стервятник"
Борис Рыжий,плохой репродуктор что-то победоносно поет.
Борис Рыжий,"самим собой, короче говоря."
Борис Рыжий,это мог сочинить Огарёв.
Дмитрий Пригов,И Блока тоже в очередь сию
Дмитрий Пригов,И с чистой совестью уедем
Дмитрий Пригов,В смысле общем и боле невнятном —
Борис Рыжий,Погасли чёрные глаза -
Борис Рыжий,И ты идёшь почти вслепую
Дмитрий Пригов,"А может быть, пора настала"
Борис Рыжий,"А ещё, а потом,"
Дмитрий Пригов,"Но, может, что взойдет взамен"
Борис Рыжий,"Рожей - в грязь, и чтоб не поднимали"
Борис Рыжий,рябину у окна
Борис Рыжий,"парк в середине сентября,"
Дмитрий Пригов,"Может быть жизнь такая, а может глубина выше человеческих сил"
Борис Рыжий,"чтобы лес золотой, голубой"
Дмитрий Пригов,Вот она и спит уж вся
Борис Рыжий,как мне одиноко с тобой…
Дмитрий Пригов,Конфеточку нарезывает он
Борис Рыжий,"со сцены, со сцены сойти."
Борис Рыжий,В кабаках ходят-бродят
Борис Рыжий,уронить боясь.
Дмитрий Пригов,И победить его не мог
Дмитрий Пригов,На время
Дмитрий Пригов,Что-то дом уж какой-то кривой
Борис Рыжий,мой жалкий прах советую зарыть
Борис Рыжий,и чтоб включал с утра
Дмитрий Пригов,"И пьющий, любящий, едящий"
Борис Рыжий,"с сыном за руку, за облаками,"
Дмитрий Пригов,Или страна чужая непривычная
Борис Рыжий,"Помнишь, под озябшими кустами"
Борис Рыжий,"Наблюдаешь за мною с сомненьем,"
Дмитрий Пригов,"Все светло кругом, я ныне"
Дмитрий Пригов,Вечерок один
Дмитрий Пригов,И по покорности великой разрешает
Борис Рыжий,изъята у Серёги Жилина.
Борис Рыжий,"четче, чем полуночный кошмар."
Борис Рыжий,- Кто эти идиоты?
Борис Рыжий,Летят снежинки аккуратные.
Дмитрий Пригов,А Некрасов над картою чахнул
Дмитрий Пригов,Чтобы жизнь внизу текла
Дмитрий Пригов,Да ведь я ведь и не жалюсь
Борис Рыжий,- что там? - поэзию и мрак.
Борис Рыжий,"где искал я забвенья в вине,"
Борис Рыжий,оставьте стол и дом
Дмитрий Пригов,В полуфабрикатах достал я азу
Борис Рыжий,"молчал, стихи записывал в тетрадку,"
Борис Рыжий,"И бесконечность прошлого, высвеченного тускло,"
Борис Рыжий,ярче ягод на том берегу.
Борис Рыжий,Пластполимер пускай свистит протяжно.
Дмитрий Пригов,Полдня простоял меж чужими людьми
Дмитрий Пригов,Чтоб к вечеру иметь гостей
Борис Рыжий,под тусклым светом фонаря.
Борис Рыжий,лунный свет за больничным окном.
Борис Рыжий,"синем-синем, глядишь за окно."
Дмитрий Пригов,Побеждаю в борьбе неторжественной
Борис Рыжий,"Померкли очи голубые,"
Борис Рыжий,"Исчезли фартучки, манжеты,"
Борис Рыжий,"с детским смехом, с опавшей листвою."
Дмитрий Пригов,Все дела свои оставил
Дмитрий Пригов,И прочих качеств боле ста
Дмитрий Пригов,Незаметные силы слепые
Борис Рыжий,очень мешает грядущему обрести размах.
Борис Рыжий,"закончившие ШРМ на тройки,"
Борис Рыжий,чтоб летели кругом облака.
Дмитрий Пригов,А то — посторонняя и некрасивая
Дмитрий Пригов,И крепко-накрепко поспим
Дмитрий Пригов,На какие смутны воды
Дмитрий Пригов,Вот Пушкина бы в очередь сию
Борис Рыжий,"Исчезло всё, что было мило,"
Борис Рыжий,"Всё в черно-белом цвете, ходят с мамами дети,"
Борис Рыжий,А ты по холоду идёшь
Дмитрий Пригов,Килограмм салата рыбного
Дмитрий Пригов,И выйду на улицы Праги
Дмитрий Пригов,Картошечки пакетик-два
Борис Рыжий,"Я сиживал на той скамейке,"
Дмитрий Пригов,Какой назойливый сынок!
Дмитрий Пригов,А дальше больше — дальше смерть
Дмитрий Пригов,И все же им счастье бывает
Борис Рыжий,"я ещё поживу и т.д.,"
Борис Рыжий,"Я проиграю в поединке,"
Дмитрий Пригов,Оттого ли в итоге устал
Дмитрий Пригов,То тогда продуктов нет
Борис Рыжий,Из школьного зала -
Борис Рыжий,И пахнет прелою листвою.
Борис Рыжий,"Восьмидесятые, усатые,"
Дмитрий Пригов,Направлен
Борис Рыжий,"Скамейка, счастье и любовь."
Борис Рыжий,"всё хорошо, как никогда."
Борис Рыжий,огни под кронами дерев.
Борис Рыжий,И поскольку сердце не забыло
Борис Рыжий,"гляди сюда, какими лейблами"
Дмитрий Пригов,Женщина в метро меня лягнула
Дмитрий Пригов,За то вот на том белом свете
Борис Рыжий,"Надо думать о самом обычном,"
Дмитрий Пригов,Я вышел из подъезда
Дмитрий Пригов,На корточки присел
Борис Рыжий,"Про те же самые чувства показывало искусство,"
Борис Рыжий,"и осенью, того,"
Дмитрий Пригов,"Я думал: вот — дитя, небось"
Дмитрий Пригов,К нему
Дмитрий Пригов,Какая стройная мамаша!
Дмитрий Пригов,Как я в матросочке нарядной
Дмитрий Пригов,Судьба во всем здесь дышит явно
Дмитрий Пригов,"Понятно — имеет права, заслужила"
Борис Рыжий,На берегу реки
Борис Рыжий,"Влюблённых слипшиеся пары,"
Борис Рыжий,Не прохладно проститься с собой
Борис Рыжий,прожектора.
Дмитрий Пригов,"Неподалеку, в детский сад соседний"
Дмитрий Пригов,А после спать с тобою ляжем
Борис Рыжий,"а потому что там мои кенты,"
Дмитрий Пригов,Что я — лучше всех?
Борис Рыжий,Я для одной за три копейки
Дмитрий Пригов,Я гуляю по Садовой
Борис Рыжий,"ни чужого яблоневого сада,"
Дмитрий Пригов,Глядь — уж новая лежит
Борис Рыжий,- Кто эти мудочёсы?
Дмитрий Пригов,Я стоял за виноградом
Борис Рыжий,Загар бронёю на узбеке.
Борис Рыжий,"Надо дачу сначала купить,"
Дмитрий Пригов,"Был школьник, а теперь он слесарь"
Дмитрий Пригов,"Ну, всю очередь-то не стоял"
Дмитрий Пригов,Вставать
Борис Рыжий,тупо пялясь в больничную стенку
Дмитрий Пригов,А то начнешь строить дорожки
Борис Рыжий,Что только-только началось -
Борис Рыжий,"Любовь и солнце - мимо, мимо"
Дмитрий Пригов,И жить не захотел
Борис Рыжий,столе стакан вина.
Борис Рыжий,"только пар, только белое в синем,"
Борис Рыжий,"високосной весной,"
Борис Рыжий,"На купоросных голубых снегах,"
Борис Рыжий,Пусть станут чёрными леса.
Дмитрий Пригов,Ведь это же все на уровне могил
Дмитрий Пригов,"Но это по земным, по слабым меркам"
Борис Рыжий,ты на крыльях своих унеси
Дмитрий Пригов,Вот поди ж ты — на
Борис Рыжий,"Ничего действительно не надо,"
Борис Рыжий,"И я услышу поутру,"
Борис Рыжий,в сентябре начинали грустить
Дмитрий Пригов,Когда ж от старости придешь туда калекой
Дмитрий Пригов,Любую бы отдал конечность
Дмитрий Пригов,Как зверь влачит своей супруге
Дмитрий Пригов,Послевоенных лет
Дмитрий Пригов,И буду грязный неприличный я
Борис Рыжий,"Как мне одиноко,"
Борис Рыжий,"горечи, стыда."
Борис Рыжий,под мрачную и духовую.
Дмитрий Пригов,Пионер-отличник!
Борис Рыжий,то жизнь мою перетасует
Дмитрий Пригов,И в каком-то другом направленьи
Дмитрий Пригов,Всем своим женским скрытым существом
Борис Рыжий,"оглянись, поцелуй меня в губы,"
Дмитрий Пригов,О чем писали бы? — о счастье
Дмитрий Пригов,"Я, естественно, в ответ лягнул"
Борис Рыжий,чтобы эти милиционеры
Дмитрий Пригов,Пробежало мое детство
Дмитрий Пригов,А может быть и куда проще —
Борис Рыжий,и хмуро делаешь затяжку.
Борис Рыжий,когда в ватниках трое рабочих
Дмитрий Пригов,"Правда, можно и не мыть"
Дмитрий Пригов,Вот так же как и он теперь —
Дмитрий Пригов,Во двор и сразу прыгну в небо
Дмитрий Пригов,Уж какая тут свобода
Дмитрий Пригов,Рядом
Борис Рыжий,"где живы мы, в альбоме голубом,"
Дмитрий Пригов,Еще бутылочка там крепкой
Дмитрий Пригов,Когда б немыслимый Овидий
Дмитрий Пригов,И вымоюсь польским шампунем
Борис Рыжий,А с ними весь ажурный мир.
Борис Рыжий,под мустом дребезжат трамваи.
Борис Рыжий,"клюв повесив, по лужам осенним"
Борис Рыжий,А что такое старость? Это
Борис Рыжий,мне неведомой щедрой рукою
Дмитрий Пригов,"Уж очень есть и пьет, и любит"
Борис Рыжий,"Да, плевать, но бывает порою..."
Дмитрий Пригов,То чего-то нет другого
Борис Рыжий,расписана моя телага.
Борис Рыжий,тех жемчужин на талом снегу.
Борис Рыжий,Не вели бухого до кровати.
Борис Рыжий,играет старая музыка какую-то дребедень.
Борис Рыжий,"оставь меня, когда мне больно,"
Дмитрий Пригов,Ко мне зашел бы и увидел
Борис Рыжий,И пролетают облака
Дмитрий Пригов,Когда тайком я мусор выносил
Борис Рыжий,"рябину, боль в плече,"
Борис Рыжий,Когда уроки пропускал.
Дмитрий Пригов,"Иль умереть, или на Твой лишь зов"
Борис Рыжий,"про этот самый парк отдыха, про мальчика на руках."
Дмитрий Пригов,Говорят: посуда грязная —
Дмитрий Пригов,Поскольку мне его не совершить
Борис Рыжий,"А когда мы друг друга покинем,"
Борис Рыжий,От ностальгии или сдуру и спьяну можно
Дмитрий Пригов,Вот я котлеточку зажарю
Дмитрий Пригов,Как я в матросочке своей
Борис Рыжий,это я тебя очень любил.
Дмитрий Пригов,И сверху солнышко светило
Дмитрий Пригов,Текущий кровью жаркий кус
Борис Рыжий,"Это что-то задолго до Блока,"
Дмитрий Пригов,То он при этом виде
Борис Рыжий,в голубое сиянье
Дмитрий Пригов,Из этого что вытекает? —
Борис Рыжий,И белей твои зубы
Дмитрий Пригов,Все равно чего-то есть —
Дмитрий Пригов,Вода из крана вытекает
Борис Рыжий,"размышляю о смерти всерьёз,"
Борис Рыжий,"Как долго я жил на свете, как переносил все эти"
Дмитрий Пригов,Подскользнешься и попадешь
Дмитрий Пригов,Вот это вот его и сгубит
Дмитрий Пригов,"Она же плачет, но и совершает"
Борис Рыжий,Меж правдою и вымыслом слоняться
Борис Рыжий,только это не я сочинил:
Дмитрий Пригов,"Под вечер, чтоб не видели соседи"
Борис Рыжий,Это мои друзья.
Борис Рыжий,И тары-бары-растабары
Борис Рыжий,"Ну-ка, стрелку положим,"
Дмитрий Пригов,Не только эдаких страстей
Дмитрий Пригов,К которым мы так долго шли —
Борис Рыжий,и вода по мордам их текла.
Дмитрий Пригов,Вот течет вода — ее я постигаю
Дмитрий Пригов,"Может, оно и полезнее"
Борис Рыжий,Всё рассыпается на части
Дмитрий Пригов,Колбасы двухнедельной остатки
Борис Рыжий,"Ни для чего и ни зачем,"
Борис Рыжий,прохожий шлёпает во тьму
Борис Рыжий,"стали не наяву, а во сне."
Борис Рыжий,"Не во гневе, а так, между прочим"
Борис Рыжий,и крести бросит на сукно.
Дмитрий Пригов,И только в чем душа жила? —
Борис Рыжий,"водка и шашлыки,"
Борис Рыжий,"надо даже тёплого участья,"
Борис Рыжий,"одного не прощу тебе, ты,"
Дмитрий Пригов,Страсть во мне есть такая — украдкой
Дмитрий Пригов,"Был худ, но духом бел"
